Steps,Policy/Entropy,Policy/Extrinsic Value Estimate,Losses/Value Loss,Losses/Policy Loss,Policy/Learning Rate,Policy/Epsilon,Policy/Beta,Environment/Episode Length,Environment/Cumulative Reward,Policy/Extrinsic Reward,Is Training
20000,1.6011947,0.069614,2.4544778,0.13739726,0.0002993779,0.19979265,0.0049896534,3000.0,669.2127182831367,669.2127182831367,1.0
30000,1.5964687,0.2750902,1.4809545,0.14296594,0.00029875836,0.19958615,0.0049793473,None,None,None,1.0
40000,1.5953306,0.9301107,0.7124193,0.14399229,0.0002981363,0.19937874,0.0049690004,3000.0,707.5772697776556,707.5772697776556,1.0
50000,1.5942671,1.3635782,0.8711251,0.14029361,0.00029751673,0.19917224,0.0049586957,None,None,None,1.0
60000,1.5886439,1.3265139,0.34641364,0.14453232,0.00029689466,0.19896488,0.0049483473,3000.0,1136.0299599145849,1136.0299599145849,1.0
70000,1.5902861,1.6387908,0.326871,0.14420392,0.00029627513,0.19875836,0.0049380427,None,None,None,1.0
80000,1.5790849,2.0034795,0.22245212,0.14136516,0.0002956555,0.19855185,0.0049277367,3000.0,1222.7395990391572,1222.7395990391572,1.0
90000,1.5717654,2.2176518,0.18554036,0.13935235,0.00029503342,0.19834448,0.00491739,3000.0,1491.3381900548934,1491.3381900548934,1.0
100000,1.5650396,2.5155385,0.19578439,0.14724725,0.0002944139,0.19813798,0.0049070837,None,1785.4035348892212,1785.4035348892212,1.0
110000,1.5551713,2.5934584,0.098408945,0.1418214,0.0002937918,0.19793059,0.0048967367,3000.0,1578.209576671322,1578.209576671322,1.0
120000,1.5525287,2.8416436,0.039985627,0.13852972,0.00029317223,0.19772409,0.0048864326,None,None,None,1.0
130000,1.545838,2.9063363,0.059035093,0.13925883,0.00029255028,0.19751671,0.0048760837,3000.0,1746.1639135281246,1746.1639135281246,1.0
140000,1.5439601,3.1541348,0.16309331,0.13853414,0.0002919306,0.1973102,0.0048657795,None,None,None,1.0
150000,1.5357252,3.0205946,0.11351817,0.13446924,0.0002913111,0.19710372,0.004855473,3000.0,1914.2841224571068,1914.2841224571068,1.0
160000,1.5303893,3.3214765,0.05108476,0.13880736,0.00029068897,0.1968963,0.0048451265,None,None,None,1.0
170000,1.5086384,3.2514029,0.110573255,0.14393054,0.00029006947,0.19668983,0.004834821,3000.0,1968.1839516162872,1968.1839516162872,1.0
180000,1.5111592,3.3768992,0.052586783,0.13779461,0.00028944734,0.19648243,0.0048244735,3000.0,1998.5748462677002,1998.5748462677002,1.0
190000,1.4835607,3.0229793,0.061107974,0.13801186,0.00028882778,0.19627593,0.0048141694,None,1983.776382446289,1983.776382446289,1.0
200000,1.4806039,2.9227376,0.02881155,0.14355786,0.0002882057,0.19606853,0.004803821,3000.0,1865.6211279233296,1865.6211279233296,1.0
210000,1.480035,3.2505982,0.043493956,0.1330237,0.00028758618,0.19586205,0.004793517,None,None,None,1.0
220000,1.455157,2.9432771,0.023502838,0.14648011,0.00028696656,0.19565555,0.0047832103,3000.0,1858.2476625442505,1858.2476625442505,1.0
230000,1.4546394,3.3272142,0.07022609,0.1357603,0.00028634447,0.19544816,0.0047728634,None,None,None,1.0
240000,1.4507664,3.2700658,0.062240224,0.13132755,0.00028572493,0.19524167,0.004762558,3000.0,2006.7666832605998,2006.7666832605998,1.0
250000,1.4474597,3.382229,0.04876939,0.13754733,0.0002851028,0.19503428,0.0047522113,None,None,None,1.0
260000,1.4467726,3.454797,0.039438646,0.1380433,0.00028448322,0.1948278,0.004741906,3000.0,1981.3377879460652,1981.3377879460652,1.0
270000,1.4641479,3.528663,0.019625451,0.14769864,0.00028386124,0.19462039,0.004731558,3000.0,2012.6741690635681,2012.6741690635681,1.0
280000,1.4817688,3.5012496,0.029129228,0.13809523,0.0002832417,0.19441389,0.004721253,None,2265.3649864196777,2265.3649864196777,1.0
290000,1.4595296,3.2792184,0.14584866,0.120827965,0.0002826221,0.19420739,0.0047109467,3000.0,2072.231961250305,2072.231961250305,1.0
300000,1.4666185,3.3597894,None,None,None,None,None,None,None,None,1.0
310000,1.465634,3.611534,0.017423406,0.14221455,0.000282,0.19399999,0.0047005997,3000.0,2106.049318790436,2106.049318790436,1.0
320000,1.4696475,3.9404507,0.049515486,0.13595654,0.00028138046,0.1937935,0.0046902946,None,None,None,1.0
330000,1.4553949,3.5398147,0.026774194,0.1332706,0.00028075842,0.19358613,0.0046799476,3000.0,2236.7353568077087,2236.7353568077087,1.0
340000,1.4742877,3.7550251,0.052813426,0.13497075,0.00028013877,0.19337963,0.004669643,None,None,None,1.0
350000,1.4508579,3.6898978,0.021359522,0.14230478,0.0002795167,0.19317223,0.0046592946,3000.0,2244.9118779500327,2244.9118779500327,1.0
360000,1.4435711,3.8655872,0.06346504,0.13458474,0.00027889718,0.19296575,0.0046489895,3000.0,2251.8400704065957,2251.8400704065957,1.0
370000,1.4374317,3.838466,0.06506089,0.13747989,0.00027827758,0.1927592,0.0046386835,None,2287.2594515482583,2287.2594515482583,1.0
380000,1.4360507,3.746589,0.012644304,0.13612829,0.0002776556,0.19255185,0.0046283365,3000.0,2318.859815597534,2318.859815597534,1.0
390000,1.4267931,3.779284,0.046264295,0.13420571,0.0002770359,0.19234535,0.0046180314,None,None,None,1.0
400000,1.4026288,3.8274155,0.011669826,0.14116557,0.00027641398,0.19213796,0.0046076844,3000.0,2286.504679997762,2286.504679997762,1.0
410000,1.3955073,3.9093776,0.053411294,0.13946606,0.00027579436,0.19193146,0.0045973794,None,None,None,1.0
420000,1.3960253,3.8550367,0.091427416,0.13817146,0.00027517226,0.19172408,0.004587031,3000.0,2314.0671416719756,2314.0671416719756,1.0
430000,1.4119221,3.8878417,0.055823915,0.13597047,0.00027455273,0.19151758,0.004576727,None,None,None,1.0
440000,1.3740903,3.8121974,0.027614867,0.13209854,0.00027393314,0.19131103,0.004566421,3000.0,2314.288587888082,2314.288587888082,1.0
450000,1.3936733,3.9318712,0.027619071,0.122651294,0.00027331102,0.19110368,0.0045560733,3000.0,2364.8681844075522,2364.8681844075522,1.0
460000,1.3742415,3.7779517,0.06363398,0.1320521,0.00027269148,0.19089718,0.0045457683,None,2295.4643370310464,2295.4643370310464,1.0
470000,1.3828223,3.797343,0.0086268475,0.13904001,0.0002720694,0.1906898,0.004535421,3000.0,2325.801199913025,2325.801199913025,1.0
480000,1.3935887,3.9356084,0.042157587,0.134159,0.00027144986,0.1904833,0.0045251152,None,None,None,1.0
490000,1.3743178,3.8729408,0.019820994,0.12913015,0.00027083023,0.19027679,0.0045148106,3000.0,2340.5983669757843,2340.5983669757843,1.0
500000,1.3656753,4.0187345,0.010747723,0.13744241,0.0002702083,0.1900694,0.0045044636,None,None,None,1.0
510000,1.3378109,4.000887,0.06625293,0.1416877,0.0002695886,0.18986289,0.004494157,3000.0,2391.979606628418,2391.979606628418,1.0
520000,1.323044,4.104087,0.012396756,0.14353463,0.0002689666,0.18965553,0.0044838106,None,None,None,1.0
530000,1.3498025,4.0067916,0.104822874,0.13001247,0.0002683471,0.18944906,0.0044735046,3000.0,2422.4710280895233,2422.4710280895233,1.0
540000,1.3715018,4.112898,0.0147884805,0.13821703,0.00026772494,0.18924163,0.004463158,3000.0,2394.267336845398,2394.267336845398,1.0
550000,1.3390735,4.071684,0.03795442,0.12863511,0.00026710538,0.18903513,0.0044528516,None,2475.6470437049866,2475.6470437049866,1.0
560000,1.3231763,4.0448837,0.022652177,0.12300674,0.00026648582,0.18882863,0.0044425465,3000.0,2478.6368905703225,2478.6368905703225,1.0
570000,1.3592978,4.104541,0.016211936,0.12825641,0.00026586375,0.18862127,0.0044322005,None,None,None,1.0
580000,1.3146278,4.12671,0.043944973,0.13784577,0.00026524416,0.18841474,0.0044218935,3000.0,2432.880712827047,2432.880712827047,1.0
590000,1.3369905,4.1801386,0.010472973,0.13617635,0.00026462207,0.18820737,0.0044115474,None,None,None,1.0
600000,1.3275892,4.081681,0.05160385,0.12537459,0.0002640025,0.18800086,0.0044012414,3000.0,2489.5631370544434,2489.5631370544434,1.0
610000,1.3532782,4.1887636,None,None,None,None,None,None,None,None,1.0
620000,1.3141596,4.0879707,0.032875296,0.14262119,0.0002633804,0.1877935,0.004390895,3000.0,2483.1432342529297,2483.1432342529297,1.0
630000,1.3150802,4.2066493,0.056327492,0.13685489,0.00026276096,0.18758701,0.0043805903,3000.0,2504.5718898773193,2504.5718898773193,1.0
640000,1.3097599,4.114703,0.021841016,0.12570848,0.0002621413,0.1873804,0.004370284,None,2470.07798576355,2470.07798576355,1.0
650000,1.3081502,4.1201158,0.006535735,0.14119913,0.0002615193,0.18717311,0.004359937,3000.0,2495.7599486509957,2495.7599486509957,1.0
660000,1.3009627,4.24551,0.031117596,0.14242099,0.00026089977,0.18696657,0.004349631,None,None,None,1.0
670000,1.3017547,4.206795,0.006978387,0.1406446,0.00026027762,0.18675923,0.004339284,3000.0,2534.7179040908813,2534.7179040908813,1.0
680000,1.2644519,4.2738266,0.033064082,0.13298157,0.00025965806,0.18655267,0.004328978,None,None,None,1.0
690000,1.2873095,4.170651,0.012102712,0.1421091,0.00025903597,0.18634532,0.0043186317,3000.0,2520.1666962305703,2520.1666962305703,1.0
700000,1.2980466,4.3727384,0.045160636,0.13131687,0.0002584164,0.18613884,0.0043083252,None,None,None,1.0
710000,1.2975962,4.283856,0.024655007,0.13168001,0.00025779687,0.18593226,0.0042980206,3000.0,2594.31085395813,2594.31085395813,1.0
720000,1.3149711,4.315767,0.006542171,0.1398934,0.00025717475,0.18572493,0.0042876736,3000.0,2561.940643310547,2561.940643310547,1.0
730000,1.3036762,4.2776403,0.026488725,0.12950507,0.0002565552,0.18551843,0.0042773676,None,2597.191110229492,2597.191110229492,1.0
740000,1.2765381,4.2028966,0.022215871,0.13476542,0.0002559331,0.18531105,0.0042670215,3000.0,2592.7651885350547,2592.7651885350547,1.0
750000,1.2973933,4.3560348,0.050695308,0.13022958,0.00025531361,0.18510453,0.004256715,None,None,None,1.0
760000,1.2646649,4.2644157,0.014977148,0.14340766,0.00025469158,0.18489717,0.0042463685,3000.0,2560.8736044565835,2560.8736044565835,1.0
770000,1.3036827,4.359674,0.031072922,0.13423464,0.00025407202,0.18469068,0.0042360635,None,None,None,1.0
780000,1.2411749,4.334564,0.052846633,0.13867958,0.0002534524,0.1844841,0.004225757,3000.0,2572.7626716295877,2572.7626716295877,1.0
790000,1.238434,4.2863817,0.013915861,0.13934276,0.0002528303,0.18427679,0.0042154114,None,None,None,1.0
800000,1.2133063,4.248648,0.044279907,0.13292085,0.00025221077,0.18407027,0.0042051044,3000.0,2565.1407161951065,2565.1407161951065,1.0
810000,1.2387133,4.419895,0.004733226,0.141534,0.00025158867,0.18386291,0.004194758,3000.0,2606.3929138183594,2606.3929138183594,1.0
820000,1.2177033,4.317891,0.03924634,0.13148105,0.00025096908,0.18365638,0.0041844514,None,2593.270544052124,2593.270544052124,1.0
830000,1.2295265,4.2516317,0.01559779,0.14163108,0.000250347,0.18344902,0.0041741054,3000.0,2603.83162577947,2603.83162577947,1.0
840000,1.2571621,4.4086103,0.050338533,0.13616551,0.00024972743,0.1832425,0.0041638007,None,None,None,1.0
850000,1.1923258,4.19565,0.06408214,0.12847435,0.00024910786,0.18303595,0.004153494,3000.0,2564.954416116079,2564.954416116079,1.0
860000,1.2451221,4.4004993,0.007075631,0.14278087,0.0002484858,0.18282865,0.0041431477,None,None,None,1.0
870000,1.2218056,4.336034,0.033058215,0.12726504,0.00024786632,0.18262205,0.0041328412,3000.0,2620.9070542653403,2620.9070542653403,1.0
880000,1.2670038,4.353707,0.004716789,0.14734514,0.00024724423,0.18241476,0.004122495,None,None,None,1.0
890000,1.1968763,4.182345,0.027794631,0.12927732,0.00024662464,0.18220824,0.0041121882,3000.0,2610.852590560913,2610.852590560913,1.0
900000,1.1793647,4.3933983,0.004887361,0.13182153,0.00024600257,0.18200088,0.0041018426,3000.0,None,None,1.0
910000,1.203626,4.02654,None,None,None,None,None,None,2573.5323959986367,2573.5323959986367,1.0
920000,1.2356268,4.337916,0.026655013,0.13228564,0.000245383,0.18179433,0.0040915376,3000.0,2513.6462114652,2513.6462114652,1.0
930000,1.2135453,4.366919,0.024112802,0.12290825,0.00024476345,0.18158779,0.004081231,None,None,None,1.0
940000,1.2062029,4.273529,0.005778238,0.14713494,0.00024414132,0.18138047,0.004070884,3000.0,2611.904651323954,2611.904651323954,1.0
950000,1.2209315,4.3203344,0.026647002,0.12462071,0.00024352178,0.18117389,0.004060578,None,None,None,1.0
960000,1.2187035,4.338064,0.015201004,0.12890348,0.00024289971,0.18096657,0.0040502325,3000.0,2594.1526889403663,2594.1526889403663,1.0
970000,1.2546272,4.388964,0.0283658,0.12555769,0.00024228013,0.18076007,0.0040399255,None,None,None,1.0
980000,1.2367848,4.306351,0.020221788,0.12775204,0.00024166059,0.18055353,0.0040296204,3000.0,2630.691360473633,2630.691360473633,1.0
990000,1.2558666,4.436688,0.011279028,0.13902241,0.00024103855,0.18034618,0.004019274,3000.0,None,None,1.0
1000000,1.227045,4.3592205,0.029661257,0.12666552,0.000240419,0.18013962,0.004008968,None,2632.0247910817466,2632.0247910817466,1.0
1010000,1.206285,4.3504066,0.003884338,0.14090618,0.00023979691,0.17993227,0.003998621,3000.0,2641.211368560791,2641.211368560791,1.0
1020000,1.2204288,4.3895698,0.03691503,0.1282109,0.00023917735,0.17972574,0.003988315,None,None,None,1.0
1030000,1.1903276,4.272546,0.0064531374,0.13737868,0.00023855524,0.17951843,0.003977969,3000.0,2617.235508918762,2617.235508918762,1.0
1040000,1.2259308,4.4608316,0.023855008,0.12520061,0.00023793569,0.1793119,0.0039676623,None,None,None,1.0
1050000,1.2085874,4.3178816,0.03275456,0.13351184,0.00023731613,0.17910536,0.0039573573,3000.0,2629.222869992256,2629.222869992256,1.0
1060000,1.2269292,4.413494,0.011092502,0.14171053,0.00023669402,0.17889802,0.003947011,None,None,None,1.0
1070000,1.2009877,4.419769,0.03608533,0.12505423,0.00023607447,0.17869148,0.0039367042,3000.0,2610.0244965553284,2610.0244965553284,1.0
1080000,1.24843,4.4059167,0.0050186454,0.13412091,0.00023545239,0.17848413,0.003926358,None,None,None,1.0
1090000,1.2147249,4.290487,0.022070814,0.1261978,0.00023483283,0.1782776,0.0039160517,3000.0,2648.1057205200195,2648.1057205200195,1.0
1100000,1.2092787,4.077344,0.0073633967,0.1421591,0.00023421079,0.17807026,0.0039057054,3000.0,2618.8450870513916,2618.8450870513916,1.0
1110000,1.2091374,4.2159567,0.30737674,0.1460724,0.00023359123,0.1778637,0.003895399,None,None,None,1.0
1120000,1.1839465,4.2608943,0.03254235,0.12652999,0.00023297168,0.17765722,0.0038850938,3000.0,2419.448223670324,2419.448223670324,1.0
1130000,1.2168069,4.383527,0.007306401,0.145834,0.0002323496,0.17744985,0.0038747464,None,None,None,1.0
1140000,1.1567346,4.2994843,0.030460428,0.1281977,0.00023173004,0.1772433,0.0038644413,3000.0,2573.343776702881,2573.343776702881,1.0
1150000,1.202124,4.3940372,0.0046961857,0.14426221,0.00023110793,0.17703596,0.0038540948,None,None,None,1.0
1160000,1.1127248,3.82152,0.117051564,0.1342813,0.00023048885,0.17682959,0.0038437964,2707.285714285714,2164.099037715367,2164.099037715367,1.0
1170000,1.1650894,4.434675,0.0064172246,0.13554238,0.00022986672,0.17662224,0.00383345,3000.0,None,None,1.0
1180000,1.1778524,4.3211417,0.058399208,0.12486448,0.00022924716,0.17641571,0.0038231437,3000.0,2655.16792678833,2655.16792678833,1.0
1190000,1.1841534,4.3646207,0.019143868,0.12933119,0.00022862718,0.17620905,0.0038128311,3000.0,2625.9363939285277,2625.9363939285277,1.0
1200000,1.0835125,3.9011738,0.12429181,0.3450045,0.00022800665,0.17600225,0.003802509,1970.5,1108.816393852234,1108.816393852234,1.0
1210000,1.1616168,4.3958607,None,None,None,None,None,3000.0,2652.292148590088,2652.292148590088,1.0
1220000,1.1864626,4.422068,0.029176338,0.11108677,0.00022738663,0.17579556,0.0037921965,3000.0,2629.7697830200195,2629.7697830200195,1.0
1230000,1.1501423,4.3518424,0.007295918,0.13418682,0.00022676498,0.17558835,0.0037818577,3000.0,2648.746529197693,2648.746529197693,1.0
1240000,1.154176,4.394821,0.028571682,0.13225177,0.00022614509,0.17538165,0.0037715444,3000.0,2567.1908226013184,2567.1908226013184,1.0
1250000,1.1692203,4.3579745,0.007834467,0.13279603,0.00022552341,0.17517446,0.003761205,3000.0,2611.7694116592406,2611.7694116592406,1.0
1260000,1.1701736,4.394677,0.03439981,0.12194545,0.00022490342,0.1749678,0.0037508914,3000.0,2652.054374694824,2652.054374694824,1.0
1270000,1.1813864,4.3717895,0.026955659,0.12797529,0.00022428385,0.17476128,0.0037405866,3000.0,2631.657851409912,2631.657851409912,1.0
1280000,1.0693483,3.6275086,0.020096116,0.12852077,0.00022366218,0.17455406,0.0037302459,2745.5714285714284,2194.423100386347,2194.423100386347,1.0
1290000,1.2085683,4.4441357,0.087469876,0.14910725,0.00022304196,0.17434731,0.0037199296,None,None,None,1.0
1300000,1.1881632,4.3361683,0.0035218745,0.14655162,0.00022241988,0.17413996,0.0037095833,3000.0,2635.2563273111978,2635.2563273111978,1.0
1310000,1.2308213,4.4803047,0.0212931,0.11822718,0.00022180029,0.17393342,0.0036992773,None,None,None,1.0
1320000,1.1778557,4.105814,0.0055572004,0.14207563,0.00022117818,0.17372605,0.0036889305,3000.0,2641.3540671666465,2641.3540671666465,1.0
1330000,1.2464037,4.474065,0.034432437,0.14106032,0.00022055862,0.17351957,0.0036786245,None,None,None,1.0
1340000,1.2018362,4.402029,0.025074866,0.12340548,0.00021993909,0.17331305,0.0036683197,3000.0,2569.4294986724854,2569.4294986724854,1.0
1350000,1.231439,4.4284363,0.002813987,0.14113541,0.00021931698,0.17310569,0.0036579717,None,None,None,1.0
1360000,1.0264052,3.3164928,0.0280724,0.13359813,0.00021869742,0.17289917,0.0036476664,2727.285714285714,2200.6378341742925,2200.6378341742925,1.0
1370000,1.1823871,4.3027515,0.009958125,0.14229049,0.00021807897,0.172693,0.00363738,3000.0,2488.3788303375245,2488.3788303375245,1.0
1380000,1.177593,4.1564574,0.062493265,0.22278148,0.00021745941,0.17248647,0.003627074,3000.0,2651.8450260162354,2651.8450260162354,1.0
1390000,1.1536252,4.0168147,0.0039342535,0.13872378,0.00021683729,0.1722791,0.003616727,3000.0,2486.030281257629,2486.030281257629,1.0
1400000,1.2184536,4.477561,0.060672104,0.1407563,0.00021621778,0.17207262,0.0036064212,3000.0,2635.7628326416016,2635.7628326416016,1.0
1410000,1.1822065,4.3691287,0.021115277,0.12748162,0.00021559781,0.17186594,0.0035961086,3000.0,2519.900275039673,2519.900275039673,1.0
1420000,1.2396305,4.440902,0.006564548,0.12620288,0.00021497619,0.17165872,0.0035857696,3000.0,2614.743988662958,2614.743988662958,1.0
1430000,1.0726753,3.7324212,0.026713928,0.12709768,0.00021435623,0.17145205,0.0035754563,3000.0,2664.214677174886,2664.214677174886,1.0
1440000,1.1299096,4.0005884,0.014884959,0.13469052,0.00021373674,0.17124556,0.003565154,2010.0,-450.3815379142761,-450.3815379142761,1.0
1450000,1.2238345,4.3833003,0.020264504,0.1175461,0.00021311677,0.1710389,0.0035548408,3000.0,2662.4865280151366,2662.4865280151366,1.0
1460000,1.2290965,4.472629,0.013642708,0.1183608,0.00021249636,0.17083211,0.0035445208,3000.0,2651.9013332366944,2651.9013332366944,1.0
1470000,1.1777825,4.1704645,0.09121892,0.17753297,0.00021187513,0.170625,0.0035341894,3000.0,2695.561725616455,2695.561725616455,1.0
1480000,1.196315,4.4271865,0.019471332,0.123562254,0.00021125514,0.17041834,0.0035238755,3000.0,2663.812074279785,2663.812074279785,1.0
1490000,1.2385975,4.4490876,0.0111994,0.12226329,0.0002106339,0.1702113,0.0035135425,3000.0,2337.821120262146,2337.821120262146,1.0
1500000,1.1879171,4.3726482,0.0175283,0.12419629,0.00021001349,0.17000447,0.0035032232,3000.0,2660.8215374946594,2660.8215374946594,1.0
1510000,1.2099497,4.4126444,None,None,None,None,None,3000.0,2677.484384536743,2677.484384536743,1.0
1520000,1.1948382,4.258219,0.010325938,0.13406168,0.00020939225,0.1697974,0.0034928909,3000.0,2646.1796174049377,2646.1796174049377,1.0
1530000,1.2339226,4.457409,0.0203425,0.12344188,0.00020877227,0.16959073,0.0034825774,3000.0,2664.460159301758,2664.460159301758,1.0
1540000,1.1822612,4.385061,0.014872094,0.12645811,0.00020815189,0.16938396,0.0034722583,3000.0,2581.872382736206,2581.872382736206,1.0
1550000,1.1688347,4.3275666,0.011349809,0.12378126,0.00020753058,0.16917685,0.0034619244,3000.0,2651.4033922195435,2651.4033922195435,1.0
1560000,1.1294252,3.8183873,0.09478348,0.13376164,0.00020691063,0.16897018,0.003451613,3000.0,2652.036964416504,2652.036964416504,1.0
1570000,1.185818,4.3868957,0.03144212,0.1357222,0.00020628936,0.16876315,0.003441279,3000.0,2508.063150882721,2508.063150882721,1.0
1580000,1.165964,4.439602,0.020245198,0.12483824,0.00020566903,0.16855632,0.00343096,3000.0,2259.913748305291,2259.913748305291,1.0
1590000,1.11444,4.1802926,0.009551212,0.1210182,0.00020504779,0.16834927,0.0034206274,3000.0,2625.5848774909973,2625.5848774909973,1.0
1600000,1.1678344,4.4698105,0.05700281,0.14045295,0.0002044278,0.16814257,0.0034103142,3000.0,2675.3898162841797,2675.3898162841797,1.0
1610000,1.098056,4.112556,0.017819501,0.116419904,0.00020380781,0.16793592,0.003400002,3000.0,2534.210948181152,2534.210948181152,1.0
1620000,1.1467823,4.445606,0.028277365,0.13875104,0.00020318618,0.16772868,0.0033896612,3000.0,2695.1395988464355,2695.1395988464355,1.0
1630000,1.0710976,4.170529,0.048687104,0.18957482,0.00020256617,0.16752204,0.003379349,3000.0,2522.6553260087967,2522.6553260087967,1.0
1640000,1.1022359,4.393677,0.009777599,0.12252679,0.00020194495,0.167315,0.0033690159,3000.0,2524.925336074829,2524.925336074829,1.0
1650000,1.0909129,4.1987915,0.17003009,0.16101345,0.00020132452,0.16710815,0.0033586968,3000.0,2677.03572845459,2677.03572845459,1.0
1660000,1.0863329,4.4250417,0.00963303,0.12407624,0.00020070327,0.16690111,0.0033483638,3000.0,2493.673818397522,2493.673818397522,1.0
1670000,1.1282791,4.4683294,0.019631771,0.13801396,0.00020008332,0.16669442,0.003338051,3000.0,2698.8466472625732,2698.8466472625732,1.0
1680000,1.0972229,4.426609,0.018960243,0.11541521,0.0001994633,0.16648774,0.0033277387,3000.0,2660.7433140277863,2660.7433140277863,1.0
1690000,1.1197209,4.331822,0.013285894,0.1450961,0.00019884174,0.16628052,0.0033173996,3000.0,2690.502779006958,2690.502779006958,1.0
1700000,1.0814587,4.4772654,0.017541273,0.11501454,0.00019822175,0.16607389,0.0033070864,3000.0,2603.3263408660887,2603.3263408660887,1.0
1710000,1.0592172,4.0345497,0.039524507,0.14758909,0.0001976005,0.16586682,0.0032967536,3000.0,2707.9923973083496,2707.9923973083496,1.0
1720000,1.0157735,4.0011687,0.027286118,0.14157142,0.00019698007,0.16566,0.0032864336,3000.0,2681.6483512878417,2681.6483512878417,1.0
1730000,1.030819,4.11463,0.010863918,0.13234843,0.00019635883,0.16545296,0.003276101,3000.0,2305.6422605037687,2305.6422605037687,1.0
1740000,1.0920993,4.264439,0.03326977,0.12645265,0.00019573884,0.16524628,0.003265788,3000.0,2612.554075241089,2612.554075241089,1.0
1750000,1.0301932,3.8588338,0.028351685,0.1375704,0.00019511886,0.16503957,0.0032554755,3000.0,2459.3074934959413,2459.3074934959413,1.0
1760000,1.0673144,4.37453,0.0060538724,0.12781264,0.00019449719,0.16483237,0.0032451353,3000.0,2404.8831598982215,2404.8831598982215,1.0
1770000,1.0083759,3.918393,0.03446444,0.1378249,0.0001938769,0.16462564,0.0032348186,2592.8,1916.7598959445954,1916.7598959445954,1.0
1780000,1.0759572,4.5071297,0.004980362,0.12460822,0.00019325527,0.16441841,0.0032244776,3000.0,2674.9183387756348,2674.9183387756348,1.0
1790000,0.982565,3.849558,0.03673674,0.14118718,0.00019263569,0.1642119,0.0032141728,3000.0,2681.8946240743003,2681.8946240743003,1.0
1800000,1.0812947,4.5154543,0.0025968384,0.14315306,0.00019201357,0.16400453,0.003203825,3000.0,None,None,1.0
1810000,1.0262004,3.515622,None,None,None,None,None,2191.0,2060.906287704195,2060.906287704195,1.0
1820000,1.1140654,4.40292,0.03544707,0.12897031,0.00019139556,0.16379856,0.0031935459,3000.0,2644.188705921173,2644.188705921173,1.0
1830000,1.1243668,4.455413,0.022957377,0.12853906,0.00019077516,0.16359173,0.003183226,3000.0,2666.992343902588,2666.992343902588,1.0
1840000,1.1485199,4.4522967,0.009352904,0.12159234,0.00019015394,0.16338463,0.0031728926,3000.0,2674.809178352356,2674.809178352356,1.0
1850000,1.0921472,4.106125,0.016043114,0.1181199,0.00018953352,0.16317783,0.0031625738,3000.0,2640.292881011963,2640.292881011963,1.0
1860000,0.96665454,3.5364552,0.041964803,0.14248008,0.00018891228,0.16297077,0.0031522398,2732.6,2071.837784051895,2071.837784051895,1.0
1870000,1.159461,4.480131,0.048940543,0.13708054,0.00018829231,0.16276409,0.0031419285,3000.0,1694.3592500686646,1694.3592500686646,1.0
1880000,1.149569,4.4859653,0.0032685942,0.13766663,0.00018767019,0.16255671,0.00313158,3000.0,2681.44002978007,2681.44002978007,1.0
1890000,1.1428664,4.496479,0.031017208,0.1307099,0.00018705064,0.1623502,0.0031212755,None,None,None,1.0
1900000,1.1010684,4.4188313,0.02030166,0.123940244,0.0001864307,0.16214356,0.0031109632,3000.0,2697.182445526123,2697.182445526123,1.0
1910000,1.1001107,4.424912,0.006022312,0.12482406,0.00018580903,0.16193628,0.003100622,3000.0,2666.035466003418,2666.035466003418,1.0
1920000,0.9978854,3.8153656,0.020413449,0.12812926,0.00018518906,0.16172968,0.0030903106,3000.0,2697.6607666015625,2697.6607666015625,1.0
1930000,1.0466651,4.0060663,0.031392105,0.13966142,0.0001845674,0.16152242,0.0030799694,3000.0,2368.9663236141205,2368.9663236141205,1.0
1940000,0.9662245,3.6220093,0.025916701,0.13385461,0.00018394784,0.16131592,0.0030696648,3000.0,2715.0930252075195,2715.0930252075195,1.0
1950000,0.8110711,2.7852297,0.018581737,0.12951283,0.00018332458,0.16110817,0.003059298,2710.3333333333335,1955.182850797971,1955.182850797971,1.0
1960000,0.9348302,3.0636265,0.03770562,0.13357775,0.00018270292,0.16090097,0.0030489578,2011.5,1080.4481365680695,1080.4481365680695,1.0
1970000,1.045943,3.7013965,0.029425208,0.12992364,0.00018208682,0.16069557,0.003038709,3000.0,1814.525988483429,1814.525988483429,1.0
1980000,1.1452267,4.276084,0.00966677,0.13094132,0.00018146251,0.16048744,0.0030283253,2193.5,1081.297852754593,1081.297852754593,1.0
1990000,1.1194293,4.4600244,0.016081432,0.121856846,0.0001808459,0.16028193,0.0030180698,3000.0,2666.402912902832,2666.402912902832,1.0
2000000,1.1271089,4.3397164,0.011476039,0.14614516,0.00018022126,0.16007374,0.00300768,3000.0,2673.7931049466133,2673.7931049466133,1.0
2010000,1.1597164,4.4845815,0.016824855,0.11102129,0.00017960089,0.15986694,0.002997361,3000.0,2688.1401767730713,2688.1401767730713,1.0
2020000,1.1325934,4.1170435,0.06689232,0.13659805,0.00017898476,0.15966155,0.0029871124,3000.0,2661.970094203949,2661.970094203949,1.0
2030000,1.1649284,4.3225455,0.010919344,0.14394474,0.00017835965,0.15945318,0.0029767149,3000.0,2197.872954249382,2197.872954249382,1.0
2040000,1.1636446,4.436637,0.018857436,0.12661017,0.00017774312,0.15924767,0.0029664596,3000.0,2682.637764453888,2682.637764453888,1.0
2050000,1.1391411,4.4682837,0.010287389,0.12302488,0.00017711801,0.1590393,0.0029560623,3000.0,2585.3041343688965,2585.3041343688965,1.0
2060000,1.1246066,4.2172327,0.017724304,0.11972884,0.00017650146,0.15883379,0.0029458066,3000.0,2653.565643310547,2653.565643310547,1.0
2070000,1.100162,4.1356006,0.012185194,0.12598422,0.00017587679,0.15862559,0.002935417,3000.0,2675.946241378784,2675.946241378784,1.0
2080000,1.019014,3.4874618,0.028891329,0.137276,0.00017525638,0.15841876,0.0029250972,3000.0,2568.188493347168,2568.188493347168,1.0
2090000,1.1839396,4.445082,0.018396871,0.1166747,0.00017464023,0.15821339,0.0029148492,3000.0,2093.827918410301,2093.827918410301,1.0
2100000,1.1948658,4.492289,0.009607838,0.11631354,0.0001740152,0.15800503,0.002904452,3000.0,2673.748245239258,2673.748245239258,1.0
2110000,1.1685356,4.437019,None,None,None,None,None,3000.0,2684.7640734910965,2684.7640734910965,1.0
2120000,1.1788083,4.473295,0.015404652,0.12371379,0.00017339861,0.15779948,0.0028941967,3000.0,2659.968077659607,2659.968077659607,1.0
2130000,1.0787264,3.9048212,0.009277658,0.123692155,0.00017277357,0.15759115,0.0028837991,3000.0,2673.718095779419,2673.718095779419,1.0
2140000,1.0915158,3.9884126,0.023661712,0.12989992,0.00017215357,0.15738449,0.0028734868,3000.0,2312.3068046569824,2312.3068046569824,1.0
2150000,1.1861825,4.430736,0.028436787,0.12851782,0.00017153236,0.15717743,0.0028631538,3000.0,2435.442282676697,2435.442282676697,1.0
2160000,1.1676214,4.480242,0.020203963,0.12547469,0.00017091191,0.15697059,0.002852834,3000.0,2683.1375045776367,2683.1375045776367,1.0
2170000,1.1503233,4.5272627,0.020629978,0.12561299,0.00017029581,0.15676524,0.002842586,3000.0,2654.0539791107176,2654.0539791107176,1.0
2180000,1.1321491,4.347546,0.008750775,0.109456,0.0001696707,0.15655686,0.0028321887,3000.0,2734.9757328033447,2734.9757328033447,1.0
2190000,1.1636828,4.519528,0.021095239,0.14113218,0.00016905415,0.15635134,0.0028219332,3000.0,2687.553020477295,2687.553020477295,1.0
2200000,1.1334513,4.3209743,0.012214261,0.11418838,0.00016842947,0.15614316,0.002811543,3000.0,2624.734996318817,2624.734996318817,1.0
2210000,1.1667826,4.420851,0.01578319,0.11755026,0.00016780906,0.15593633,0.0028012234,3000.0,2715.0999393463135,2715.0999393463135,1.0
2220000,1.1662643,4.492894,0.010606078,0.12198071,0.00016718786,0.15572928,0.0027908904,3000.0,2635.2473093271255,2635.2473093271255,1.0
2230000,1.1803733,4.4897947,0.013944916,0.11013326,0.00016656742,0.15552245,0.002780571,3000.0,2625.736982981364,2625.736982981364,1.0
2240000,1.1642282,4.487152,0.017937979,0.121945255,0.00016595128,0.15531708,0.0027703228,3000.0,2691.7730293273926,2691.7730293273926,1.0
2250000,1.1565139,4.4930196,0.008854139,0.12013885,0.00016532622,0.1551087,0.0027599253,3000.0,2674.1949186325073,2674.1949186325073,1.0
2260000,1.1685605,4.4834056,0.017012253,0.11329715,0.00016470967,0.15490319,0.00274967,3000.0,2695.705509567261,2695.705509567261,1.0
2270000,1.1748086,4.474406,0.009786595,0.1161354,0.00016408502,0.15469499,0.0027392798,3000.0,2695.3198251724243,2695.3198251724243,1.0
2280000,1.1542732,4.475963,0.0146572655,0.11794739,0.00016346459,0.15448819,0.0027289602,3000.0,2703.001028060913,2703.001028060913,1.0
2290000,1.1772655,4.484537,0.0082324315,0.11296308,0.00016284337,0.15428112,0.0027186272,3000.0,2690.770820617676,2690.770820617676,1.0
2300000,1.1350368,4.472953,0.01818774,0.11127843,0.00016222335,0.15407443,0.0027083147,3000.0,2668.6226501464844,2668.6226501464844,1.0
2310000,1.1147163,4.3705454,0.20173512,0.14387345,0.00016160682,0.15386891,0.002698059,3000.0,2683.836231946945,2683.836231946945,1.0
2320000,1.115073,4.46248,0.009358162,0.11086103,0.00016098176,0.15366055,0.0026876624,3000.0,2677.616908391317,2677.616908391317,1.0
2330000,1.1422387,4.508309,0.013010433,0.113186,0.00016036515,0.15345503,0.0026774069,3000.0,2597.5646269619465,2597.5646269619465,1.0
2340000,1.1237295,4.501854,0.013420858,0.15096192,0.00015974052,0.15324685,0.0026670168,3000.0,2725.7220726013184,2725.7220726013184,1.0
2350000,1.1282146,4.507578,0.01523445,0.112359054,0.0001591201,0.15304004,0.002656697,3000.0,2704.495978164673,2704.495978164673,1.0
2360000,1.0593531,4.262801,0.009320723,0.22758684,0.0001584989,0.15283294,0.002646364,3000.0,2665.6330795288086,2665.6330795288086,1.0
2370000,1.1166137,4.531751,0.023202846,0.120838426,0.0001578789,0.15262628,0.0026360515,3000.0,2527.730255126953,2527.730255126953,1.0
2380000,1.124103,4.44624,0.014089182,0.11291851,0.00015726234,0.15242076,0.0026257958,3000.0,2700.025619506836,2700.025619506836,1.0
2390000,1.1227769,4.444302,0.007588182,0.118073404,0.00015663728,0.1522124,0.002615399,3000.0,2716.027187347412,2716.027187347412,1.0
2400000,1.1247939,4.4576597,0.0146944225,0.10945318,0.00015602072,0.15200688,0.0026051437,3000.0,2697.495172023773,2697.495172023773,1.0
2410000,1.1020409,4.4374313,None,None,None,None,None,3000.0,2654.4955711364746,2654.4955711364746,1.0
2420000,1.0924462,4.4308167,0.015718084,0.12138411,0.00015539605,0.1517987,0.0025947536,3000.0,2700.4044914245605,2700.4044914245605,1.0
2430000,1.0990702,4.3755813,0.017306767,0.12320372,0.00015477567,0.15159187,0.0025844339,3000.0,2506.486256122589,2506.486256122589,1.0
2440000,1.1368709,4.5067763,0.017609358,0.12798879,0.0001541595,0.15138648,0.0025741854,3000.0,2705.6587057113647,2705.6587057113647,1.0
2450000,1.1415105,4.3558187,0.012413233,0.12046044,0.00015353445,0.15117814,0.002563788,3000.0,2658.3240196228026,2658.3240196228026,1.0
2460000,1.1360214,4.513335,0.014359544,0.116041444,0.00015291786,0.15097262,0.0025535326,3000.0,2634.4863567352295,2634.4863567352295,1.0
2470000,1.1173323,4.4791846,0.007390395,0.13707802,0.00015229275,0.15076426,0.002543136,3000.0,2690.724953174591,2690.724953174591,1.0
2480000,1.1078576,4.472566,0.016037855,0.112858675,0.00015167621,0.15055872,0.0025328805,3000.0,2695.0319786071777,2695.0319786071777,1.0
2490000,1.1192018,4.4057226,0.011956035,0.12341648,0.00015105157,0.1503505,0.0025224902,3000.0,2665.8447275161743,2665.8447275161743,1.0
2500000,1.0884502,4.442186,0.017937744,0.12834561,0.00015043118,0.15014371,0.0025121705,3000.0,2661.5421180725098,2661.5421180725098,1.0
2510000,1.0965116,4.479139,0.01809846,0.11386253,0.00014981502,0.14993833,0.0025019222,3000.0,2670.167747616768,2670.167747616768,1.0
2520000,1.1346436,4.472071,0.00746847,0.11124263,0.00014918993,0.14972997,0.002491525,3000.0,2652.9878005981445,2652.9878005981445,1.0
2530000,1.0886503,4.3799047,0.017278587,0.121331364,0.0001485734,0.14952444,0.0024812694,3000.0,2702.9785261154175,2702.9785261154175,1.0
2540000,1.0954504,4.463739,0.008764095,0.11499632,0.00014794829,0.14931606,0.0024708728,3000.0,2655.1549602508544,2655.1549602508544,1.0
2550000,1.1172873,4.5281954,0.01787223,0.123606585,0.00014733175,0.14911057,0.0024606173,3000.0,2691.294800758362,2691.294800758362,1.0
2560000,1.0902922,4.484763,0.011445844,0.11027134,0.00014670708,0.14890234,0.0024502266,3000.0,2679.901202738285,2679.901202738285,1.0
2570000,1.1012542,4.5098534,0.013810826,0.1145953,0.00014608669,0.14869556,0.0024399073,3000.0,2718.153305053711,2718.153305053711,1.0
2580000,1.10329,4.4479194,0.018523622,0.12277325,0.00014547052,0.14849018,0.002429659,3000.0,2709.0697178840637,2709.0697178840637,1.0
2590000,1.1074276,4.479556,0.009259774,0.11990028,0.00014484549,0.1482818,0.0024192617,3000.0,2650.868823369344,2650.868823369344,1.0
2600000,1.0425135,4.1141367,0.020293226,0.1290035,0.00014422889,0.14807628,0.002409006,3000.0,2691.1911001205444,2691.1911001205444,1.0
2610000,1.096967,4.1733675,0.014922497,0.14181589,0.00014360381,0.14786793,0.0023986094,3000.0,2669.3813905715942,2669.3813905715942,1.0
2620000,1.0942432,4.514589,0.023907784,0.11676502,0.00014298386,0.14766124,0.002388297,3000.0,2354.4495327472687,2354.4495327472687,1.0
2630000,1.0939713,4.3339624,0.013869043,0.11910128,0.00014236262,0.14745417,0.0023779634,3000.0,2692.2935638427734,2692.2935638427734,1.0
2640000,1.0915515,4.509853,0.017484646,0.11131355,0.00014174219,0.14724734,0.002367644,3000.0,2687.926145553589,2687.926145553589,1.0
2650000,1.107594,4.486133,0.019784374,0.12235543,0.00014112609,0.14704202,0.0023573958,3000.0,2664.8111872673035,2664.8111872673035,1.0
2660000,1.0931481,4.476942,0.008357113,0.11360465,0.00014050097,0.14683364,0.0023469983,3000.0,2653.6841430664062,2653.6841430664062,1.0
2670000,1.0663698,4.3374467,0.030929718,0.33954617,0.00013988443,0.14662813,0.002336743,3000.0,2706.353168964386,2706.353168964386,1.0
2680000,1.0750536,4.4116163,0.0138666015,0.115755945,0.00013925978,0.1464199,0.002326353,3000.0,2729.0297215779624,2729.0297215779624,1.0
2690000,0.93928486,4.041631,0.032154843,0.14719695,0.00013863936,0.14621308,0.0023160337,3000.0,2601.8007893562317,2601.8007893562317,1.0
2700000,1.0676892,4.4843698,0.010402388,0.11555477,0.00013801813,0.14600602,0.0023057,3000.0,2185.880520582199,2185.880520582199,1.0
2710000,1.0856835,4.4594183,None,None,None,None,None,3000.0,2653.810139656067,2653.810139656067,1.0
2720000,1.0581597,4.4996824,0.01771854,0.10888957,0.00013739774,0.14579919,0.002295381,3000.0,2699.396811676025,2699.396811676025,1.0
2730000,1.1039156,4.5145416,0.018545873,0.121934555,0.00013678159,0.14559385,0.0022851327,3000.0,2731.135160446167,2731.135160446167,1.0
2740000,1.0684017,4.1214194,0.008167349,0.11618685,0.00013615654,0.14538549,0.0022747354,3000.0,2707.2072439193726,2707.2072439193726,1.0
2750000,1.0903105,4.2923703,0.0341915,0.13818537,0.00013553991,0.14517997,0.0022644799,3000.0,2675.311201095581,2675.311201095581,1.0
2760000,1.0700233,4.4270377,0.01248767,0.11942656,0.0001349153,0.14497176,0.0022540898,3000.0,2406.8749280273914,2406.8749280273914,1.0
2770000,1.0817665,4.5266094,0.01742093,0.12352541,0.0001342949,0.14476493,0.0022437708,3000.0,2690.5487790107727,2690.5487790107727,1.0
2780000,1.1085043,4.5023127,0.00852803,0.11062035,0.00013367366,0.14455786,0.0022334368,3000.0,2678.5171313285828,2678.5171313285828,1.0
2790000,1.0777427,4.479675,0.01636752,0.10932411,0.00013305368,0.14435121,0.002223125,3000.0,2713.2741870880127,2713.2741870880127,1.0
2800000,1.0337121,4.251328,0.03321067,0.1941941,0.00013243711,0.14414571,0.002212869,3000.0,2691.727469444275,2691.727469444275,1.0
2810000,1.1004328,4.5141187,0.007971438,0.11533381,0.00013181206,0.14393733,0.0022024717,3000.0,2603.711034202576,2603.711034202576,1.0
2820000,1.1020677,4.4386454,0.014509104,0.11170607,0.0001311955,0.14373182,0.0021922174,3000.0,2730.4383697509766,2730.4383697509766,1.0
2830000,1.1094452,4.405416,0.0127553735,0.12878259,0.00013057084,0.14352356,0.0021818264,3000.0,2670.3204317092896,2670.3204317092896,1.0
2840000,1.0625098,4.3576035,0.018278463,0.12045688,0.00012995044,0.14331675,0.002171507,3000.0,2579.77960562706,2579.77960562706,1.0
2850000,1.0456033,4.3076863,0.0107223205,0.14853771,0.00012932916,0.14310971,0.0021611736,3000.0,2696.8615345954895,2696.8615345954895,1.0
2860000,1.082693,4.3752365,0.02362713,0.1251745,0.00012870923,0.14290304,0.0021508618,3000.0,2461.5225830078125,2461.5225830078125,1.0
2870000,1.1052767,4.498307,0.017199373,0.121060535,0.00012809261,0.14269753,0.0021406058,3000.0,2708.979952812195,2708.979952812195,1.0
2880000,1.1026096,4.463578,0.00820792,0.1120112,0.00012746755,0.14248918,0.0021302085,3000.0,2608.611877679825,2608.611877679825,1.0
2890000,1.0953003,4.479704,0.01502726,0.11438358,0.00012685101,0.14228366,0.0021199542,3000.0,2668.998899936676,2668.998899936676,1.0
2900000,1.0746769,4.4673595,0.01623073,0.12745918,0.00012622632,0.14207542,0.0021095632,3000.0,2680.0853317260744,2680.0853317260744,1.0
2910000,1.0980625,4.488088,0.015358977,0.11258298,0.00012560596,0.1418686,0.002099244,3000.0,2719.9313888549805,2719.9313888549805,1.0
2920000,1.0834502,4.48719,0.01734393,0.10739626,0.00012498979,0.14166322,0.0020889959,3000.0,2686.180485725403,2686.180485725403,1.0
2930000,1.0772562,4.524605,0.0095554,0.11501288,0.00012436474,0.14145489,0.0020785984,3000.0,2719.3036880493164,2719.3036880493164,1.0
2940000,1.1081892,4.492215,0.013938672,0.111937284,0.00012374812,0.14124939,0.0020683429,3000.0,2681.4112300872803,2681.4112300872803,1.0
2950000,1.0946281,4.4743752,0.008315006,0.110924184,0.00012312307,0.14104101,0.0020579456,3000.0,2721.3652572631836,2721.3652572631836,1.0
2960000,1.1000713,4.479713,0.014836859,0.11493851,0.00012250652,0.14083548,0.002047691,3000.0,2696.4832706451416,2696.4832706451416,1.0
2970000,1.0536054,4.323754,0.017665938,0.13092008,0.00012188185,0.14062725,0.0020372998,3000.0,2710.9479122161865,2710.9479122161865,1.0
2980000,1.0703783,4.463772,0.014761821,0.11686389,0.00012126145,0.14042045,0.002026981,3000.0,2694.866279602051,2694.866279602051,1.0
2990000,1.0712374,4.4505835,0.024164151,0.10789101,0.0001206453,0.14021507,0.0020167325,3000.0,2590.2559078216555,2590.2559078216555,1.0
3000000,1.054355,4.4157324,0.057492085,0.13104784,0.00012002024,0.14000677,0.0020063354,3000.0,2686.507655620575,2686.507655620575,1.0
3010000,1.0488808,4.192401,0.07261434,0.13482791,0.00011940369,0.13980123,0.0019960797,3000.0,2717.3113374710083,2717.3113374710083,1.0
3020000,1.0683346,4.458274,None,None,None,None,None,3000.0,2182.0168561935425,2182.0168561935425,1.0
3030000,1.0568756,4.474642,0.019779872,0.13919452,0.000118778575,0.13959284,0.0019856822,3000.0,2705.790466785431,2705.790466785431,1.0
3040000,1.0750126,4.506793,0.016222795,0.11574057,0.00011816203,0.13938734,0.0019754278,3000.0,2652.157701810201,2652.157701810201,1.0
3050000,1.0748049,4.529294,0.011305587,0.100833446,0.00011753736,0.1391791,0.0019650366,3000.0,2704.7958812713623,2704.7958812713623,1.0
3060000,1.0667902,4.528668,0.014311425,0.114602596,0.00011691696,0.1389723,0.0019547176,3000.0,2699.4847831726074,2699.4847831726074,1.0
3070000,1.072607,4.4975157,0.02142809,0.11660067,0.00011630086,0.1387669,0.0019444692,3000.0,2735.3831129074097,2735.3831129074097,1.0
3080000,1.0862948,4.4834633,0.008250148,0.11265243,0.00011567574,0.1385586,0.001934072,3000.0,2704.0715843200683,2704.0715843200683,1.0
3090000,1.0795676,4.5314255,0.016745811,0.113293275,0.00011505919,0.138353,0.0019238164,3000.0,2693.1100730895996,2693.1100730895996,1.0
3100000,1.0686054,4.4073033,0.024760598,0.1169368,0.00011443413,0.13814469,0.0019134191,3000.0,2696.5327010154724,2696.5327010154724,1.0
3110000,1.0729846,4.471201,0.0173056,0.12018677,0.000113814145,0.13793802,0.0019031072,3000.0,2687.4309735298157,2687.4309735298157,1.0
3120000,1.056221,4.491326,0.009959771,0.11132828,0.00011319291,0.13773094,0.0018927736,3000.0,2670.870312690735,2670.870312690735,1.0
3130000,1.0865808,4.439183,0.018245839,0.12017753,0.00011257249,0.13752414,0.0018824544,3000.0,2676.100166320801,2676.100166320801,1.0
3140000,1.0568769,4.5225506,0.017770536,0.11564047,0.000111956375,0.13731875,0.001872206,3000.0,2673.227674484253,2673.227674484253,1.0
3150000,1.0964301,4.529939,0.008887901,0.113409705,0.00011133127,0.13711038,0.0018618087,3000.0,2751.9943809509277,2751.9943809509277,1.0
3160000,1.0865844,4.49318,0.013474774,0.11364694,0.000110714696,0.13690487,0.0018515532,3000.0,2708.1078922748566,2708.1078922748566,1.0
3170000,1.0556023,4.462613,0.012099148,0.110141635,0.00011009005,0.13669668,0.0018411631,3000.0,2698.3555881500242,2698.3555881500242,1.0
3180000,1.1135831,4.5459833,0.013854325,0.105640694,0.00010946964,0.13648987,0.0018308441,3000.0,2686.0991020202637,2686.0991020202637,1.0
3190000,1.0624843,4.4587874,0.008160512,0.11115407,0.00010884841,0.1362828,0.0018205104,3000.0,2713.4386138916016,2713.4386138916016,1.0
3200000,1.1044947,4.5476146,0.016641052,0.12711453,0.000108228036,0.13607597,0.0018101913,3000.0,2716.3376998901367,2716.3376998901367,1.0
3210000,1.0992132,4.4824715,0.017552651,0.11468147,0.00010761187,0.13587059,0.0017999428,3000.0,2695.3861107826233,2695.3861107826233,1.0
3220000,1.0936769,4.530977,0.008337507,0.11472226,0.00010698681,0.13566221,0.0017895456,3000.0,2707.13494459788,2707.13494459788,1.0
3230000,1.046852,4.39604,0.014415261,0.114399865,0.00010637023,0.1354567,0.00177929,3000.0,2709.6727952957153,2709.6727952957153,1.0
3240000,1.1022407,4.526332,0.0106984805,0.10695696,0.000105745596,0.13524853,0.0017689001,3000.0,2728.4188499450684,2728.4188499450684,1.0
3250000,1.0820373,4.5186634,0.0142528545,0.11034258,0.00010512516,0.1350417,0.0017585808,3000.0,2650.355697929859,2650.355697929859,1.0
3260000,1.0612736,4.508304,0.00812391,0.1021809,0.00010450393,0.13483463,0.0017482472,3000.0,2721.6969604492188,2721.6969604492188,1.0
3270000,1.1051323,4.5311136,0.0183248,0.11520545,0.00010388395,0.13462795,0.0017379354,3000.0,2746.5707607269287,2746.5707607269287,1.0
3280000,1.0617006,4.5015078,0.014128067,0.108346656,0.00010326738,0.13442242,0.0017276795,3000.0,2691.489236831665,2691.489236831665,1.0
3290000,1.053706,4.4152274,0.00921834,0.16145886,0.000102642334,0.13421406,0.0017172826,3000.0,2721.8420581817627,2721.8420581817627,1.0
3300000,1.0803839,4.404521,0.013258616,0.113626294,0.00010202578,0.13400853,0.0017070269,3000.0,2708.9572887420654,2708.9572887420654,1.0
3310000,1.1159846,4.4936423,0.010892295,0.11431776,0.000101401114,0.13380036,0.001696637,3000.0,2558.589561303457,2558.589561303457,1.0
3320000,1.0884281,4.51744,None,None,None,None,None,3000.0,2713.081573486328,2713.081573486328,1.0
3330000,1.1145078,4.5523334,0.014634834,0.104259804,0.000100780715,0.13359354,0.0016863177,3000.0,2697.5604009628296,2697.5604009628296,1.0
3340000,1.03911,4.324543,0.0077564963,0.11858643,0.00010015945,0.13338648,0.0016759841,3000.0,2735.6681699752808,2735.6681699752808,1.0
3350000,1.0412714,4.4846396,0.01887926,0.1345509,9.9539495e-05,0.1331798,0.0016656722,3000.0,2637.3192722320555,2637.3192722320555,1.0
3360000,1.0392327,4.418676,0.015077919,0.11643009,9.89229e-05,0.13297428,0.0016554164,3000.0,2739.2143325805664,2739.2143325805664,1.0
3370000,1.051707,4.5672197,0.007546056,0.116878614,9.829784e-05,0.13276589,0.0016450193,3000.0,2628.080081909895,2628.080081909895,1.0
3380000,1.0822498,4.5179844,0.014178025,0.10628745,9.768129e-05,0.13256039,0.0016347637,3000.0,2736.114263534546,2736.114263534546,1.0
3390000,1.0674912,4.529441,0.010138822,0.11164311,9.705662e-05,0.13235214,0.0016243736,3000.0,2705.2604122161865,2705.2604122161865,1.0
3400000,1.0782415,4.4948792,0.013930009,0.11083915,9.643623e-05,0.13214539,0.0016140545,3000.0,2722.052817026774,2722.052817026774,1.0
3410000,1.0196241,4.2648196,0.016571008,0.10537211,9.582007e-05,0.13194,0.0016038063,3000.0,2721.0926415920258,2721.0926415920258,1.0
3420000,1.0731504,4.409273,0.009806887,0.20879759,9.519501e-05,0.13173164,0.001593409,3000.0,2695.7403469085693,2695.7403469085693,1.0
3430000,1.0825161,4.4948015,0.014304796,0.111910656,9.457844e-05,0.13152611,0.0015831534,3000.0,2608.8909640312195,2608.8909640312195,1.0
3440000,1.0976112,4.435396,0.00885952,0.113837734,9.395334e-05,0.13131775,0.0015727562,3000.0,2637.676124572754,2637.676124572754,1.0
3450000,1.08595,4.4746237,0.014579187,0.11386824,9.333681e-05,0.13111223,0.0015625005,3000.0,2736.259552001953,2736.259552001953,1.0
3460000,1.0730753,4.5077252,0.014491462,0.11665055,9.271212e-05,0.130904,0.0015521104,3000.0,2673.584288597107,2673.584288597107,1.0
3470000,1.1134217,4.512089,0.01362676,0.106255695,9.2091745e-05,0.13069725,0.0015417915,3000.0,2714.1219387054443,2714.1219387054443,1.0
3480000,1.0834215,4.4828043,0.018216347,0.10826931,9.147559e-05,0.13049184,0.001531543,3000.0,2697.109404563904,2697.109404563904,1.0
3490000,1.0956999,4.5445313,0.007767272,0.112099424,9.085053e-05,0.13028347,0.0015211457,3000.0,2699.4596773783364,2699.4596773783364,1.0
3500000,1.0618206,4.416471,0.013827446,0.106209815,9.023397e-05,0.13007796,0.0015108901,3000.0,2694.592417240143,2694.592417240143,1.0
3510000,1.1062902,4.5303464,0.008422785,0.10962643,8.9608875e-05,0.1298696,0.0015004928,3000.0,2731.5302028656006,2731.5302028656006,1.0
3520000,1.0887586,4.5637403,0.013423901,0.10468412,8.899231e-05,0.12966408,0.0014902373,3000.0,2679.157373905182,2679.157373905182,1.0
3530000,1.0528998,4.3908963,0.010576788,0.10018611,8.836765e-05,0.12945583,0.0014798472,3000.0,2738.129228591919,2738.129228591919,1.0
3540000,1.1077509,4.490492,0.0143432515,0.11794982,8.774725e-05,0.1292491,0.0014695282,3000.0,2702.114189147949,2702.114189147949,1.0
3550000,1.0760343,4.4524755,0.01774027,0.107729465,8.713113e-05,0.12904368,0.0014592798,3000.0,2626.2424622774124,2626.2424622774124,1.0
3560000,1.1296124,4.5251584,0.007848433,0.11761581,8.650602e-05,0.12883532,0.0014488826,3000.0,2758.5305156707764,2758.5305156707764,1.0
3570000,1.1285409,4.5248823,0.014721462,0.10960129,8.588947e-05,0.1286298,0.0014386269,3000.0,2692.3207488059998,2692.3207488059998,1.0
3580000,1.1066548,4.5447893,0.006557473,0.10610458,8.52644e-05,0.12842144,0.0014282296,3000.0,2706.247817993164,2706.247817993164,1.0
3590000,1.1072385,4.467642,0.016544731,0.112820245,8.464442e-05,0.1282148,0.0014179175,3000.0,2737.2290353775024,2737.2290353775024,1.0
3600000,1.1259667,4.529639,0.009364237,0.12086613,8.402319e-05,0.12800768,0.0014075841,3000.0,2699.4286193847656,2699.4286193847656,1.0
3610000,1.0921277,4.4988675,0.013805462,0.10483084,8.340277e-05,0.12780091,0.001397265,3000.0,2678.681516647339,2678.681516647339,1.0
3620000,1.0862058,4.4716263,None,None,None,None,None,3000.0,2720.8188346862794,2720.8188346862794,1.0
3630000,1.1033504,4.435177,0.04803572,0.14413975,8.278665e-05,0.12759553,0.0013870166,3000.0,2652.8819522857666,2652.8819522857666,1.0
3640000,1.0784775,4.423604,0.00797354,0.12374884,8.216155e-05,0.12738717,0.0013766194,3000.0,2652.2956981360912,2652.2956981360912,1.0
3650000,1.1087534,4.534479,0.015636256,0.123566024,8.154499e-05,0.12718165,0.0013663637,3000.0,2707.1364250183105,2707.1364250183105,1.0
3660000,1.096931,4.5229783,0.009685265,0.10667998,8.0920334e-05,0.12697339,0.0013559738,3000.0,2649.3324625492096,2649.3324625492096,1.0
3670000,1.120315,4.533906,0.014083892,0.10543564,8.029995e-05,0.12676665,0.0013456544,3000.0,2731.295722961426,2731.295722961426,1.0
3680000,1.1030518,4.511218,0.0072082696,0.11137428,7.9678706e-05,0.12655951,0.001335321,3000.0,2729.731678009033,2729.731678009033,1.0
3690000,1.1049606,4.458579,0.0151745705,0.11550436,7.905829e-05,0.12635276,0.0013250018,3000.0,2697.0279426574707,2697.0279426574707,1.0
3700000,1.1109246,4.4946613,0.017030604,0.10858292,7.8442165e-05,0.12614737,0.0013147534,3000.0,2697.085385799408,2697.085385799408,1.0
3710000,1.1045651,4.541989,0.008007618,0.110140294,7.781707e-05,0.125939,0.0013043563,3000.0,2707.5062568664553,2707.5062568664553,1.0
3720000,1.0991935,4.5541883,0.013730051,0.1047287,7.7200544e-05,0.12573348,0.0012941007,3000.0,2697.305543899536,2697.305543899536,1.0
3730000,1.1116945,4.4906697,0.019784793,0.13273597,7.657585e-05,0.12552525,0.0012837107,3000.0,2726.667381286621,2726.667381286621,1.0
3740000,1.0973598,4.5534644,0.014023766,0.10285455,7.595545e-05,0.12531848,0.0012733912,3000.0,2676.0093326568604,2676.0093326568604,1.0
3750000,1.0987781,4.4751177,0.008476599,0.11893187,7.533422e-05,0.12511134,0.0012630577,3000.0,2738.43208694458,2738.43208694458,1.0
3760000,1.105583,4.5164843,0.023341471,0.11930551,7.4714255e-05,0.124904744,0.0012527455,3000.0,2700.853183746338,2700.853183746338,1.0
3770000,1.0855516,4.5024257,0.0130826505,0.10085286,7.409767e-05,0.12469923,0.0012424898,3000.0,2716.532564163208,2716.532564163208,1.0
3780000,1.0795583,4.5355964,0.0081926705,0.11582492,7.34726e-05,0.12449085,0.001232093,3000.0,2728.3312702178955,2728.3312702178955,1.0
3790000,1.1033344,4.5411854,0.013502343,0.106616,7.285605e-05,0.12428533,0.0012218375,3000.0,2700.4587168693542,2700.4587168693542,1.0
3800000,1.1144886,4.536505,0.010856094,0.10521954,7.223139e-05,0.12407709,0.0012114473,3000.0,2723.0896812438964,2723.0896812438964,1.0
3810000,1.1177346,4.501395,0.021033788,0.109800406,7.161098e-05,0.12387028,0.001201128,3000.0,2719.200391769409,2719.200391769409,1.0
3820000,1.1227638,4.535443,0.0077759996,0.1161939,7.098976e-05,0.12366321,0.0011907947,3000.0,2726.0329542160034,2726.0329542160034,1.0
3830000,1.1303887,4.540032,0.016153108,0.10699275,7.036976e-05,0.12345659,0.0011804822,3000.0,2707.8086018562317,2707.8086018562317,1.0
3840000,1.074224,4.5143814,0.015756477,0.112080835,6.97532e-05,0.12325105,0.0011702267,3000.0,2725.0093421936035,2725.0093421936035,1.0
3850000,1.1053675,4.4860616,0.0065947734,0.10662638,6.9128124e-05,0.123042695,0.0011598299,3000.0,2727.223340034485,2727.223340034485,1.0
3860000,1.0330939,4.32158,0.013831417,0.10771756,6.851158e-05,0.12283718,0.0011495744,3000.0,2709.5462052822113,2709.5462052822113,1.0
3870000,1.1156572,4.5671616,0.010368702,0.11054882,6.788691e-05,0.12262894,0.0011391842,3000.0,2678.006245613098,2678.006245613098,1.0
3880000,1.1023159,4.5321684,0.014929932,0.10226021,6.726651e-05,0.12242213,0.0011288647,3000.0,2621.8858695030212,2621.8858695030212,1.0
3890000,1.1013854,4.501026,0.016874785,0.10462207,6.665038e-05,0.12221673,0.0011186164,3000.0,2738.116226196289,2738.116226196289,1.0
3900000,1.1326116,4.5244703,0.007142437,0.1049965,6.6025284e-05,0.12200841,0.0011082189,3000.0,2699.330651283264,2699.330651283264,1.0
3910000,1.1210343,4.5609713,0.014834414,0.12446479,6.540871e-05,0.121802896,0.0010979633,3000.0,2727.134431362152,2727.134431362152,1.0
3920000,1.1520011,4.52267,None,None,None,None,None,3000.0,2725.2514629364014,2725.2514629364014,1.0
3930000,1.0892217,4.3701677,0.007585977,0.104363985,6.478363e-05,0.12159453,0.0010875665,3000.0,2727.753800392151,2727.753800392151,1.0
3940000,1.1054311,4.4810214,0.015108524,0.11352746,6.4167085e-05,0.121389024,0.0010773111,3000.0,2723.981703440348,2723.981703440348,1.0
3950000,1.0483636,4.42726,0.011061467,0.10861609,6.354241e-05,0.12118078,0.0010669209,3000.0,2621.574499130249,2621.574499130249,1.0
3960000,1.1166686,4.524463,0.013685179,0.11926628,6.292202e-05,0.120973974,0.0010566014,3000.0,2734.859119415283,2734.859119415283,1.0
3970000,0.9184493,3.7720168,0.01663098,0.110290445,6.230589e-05,0.12076858,0.0010463531,3000.0,2648.5324568748474,2648.5324568748474,1.0
3980000,1.014086,4.2493296,0.012200831,0.15563811,6.16808e-05,0.12056026,0.0010359559,3000.0,2365.4984159231185,2365.4984159231185,1.0
3990000,1.0836697,4.521355,0.015391208,0.1154235,6.1064246e-05,0.120354734,0.0010257002,3000.0,2601.069787979126,2601.069787979126,1.0
4000000,1.1169939,4.5203404,0.008275058,0.112383656,6.0439164e-05,0.120146394,0.0010153034,3000.0,2703.0319170951843,2703.0319170951843,1.0
4010000,1.0777618,4.476327,0.014148988,0.11129359,5.9822614e-05,0.11994086,0.0010050479,3000.0,2698.4177589416504,2698.4177589416504,1.0
4020000,1.1064489,4.5014024,0.009642796,0.1111301,5.9197948e-05,0.11973262,0.0009946579,3000.0,2733.2208240032196,2733.2208240032196,1.0
4030000,1.1270697,4.4708376,0.014333668,0.10674944,5.8577556e-05,0.1195258,0.0009843381,3000.0,2664.859687169393,2664.859687169393,1.0
4040000,1.1158314,4.494956,0.017357111,0.11150917,5.79614e-05,0.11932042,0.0009740899,3000.0,2708.40508890152,2708.40508890152,1.0
4050000,1.1140342,4.5365496,0.0074113854,0.10995839,5.7336336e-05,0.1191121,0.00096369267,3000.0,2705.7892303466797,2705.7892303466797,1.0
4060000,1.106753,4.523145,0.014359864,0.10123101,5.6719757e-05,0.11890653,0.00095343706,3000.0,2702.3066477775574,2702.3066477775574,1.0
4070000,1.1066636,4.503771,0.0070364773,0.108597904,5.609467e-05,0.11869822,0.00094304024,3000.0,2717.6464813232424,2717.6464813232424,1.0
4080000,1.1188371,4.5230594,0.0168008,0.1071506,5.547471e-05,0.11849153,0.00093272794,3000.0,2715.0281524658203,2715.0281524658203,1.0
4090000,1.098051,4.482858,0.008672106,0.13217995,5.485345e-05,0.118284464,0.0009223946,3000.0,2701.604808807373,2701.604808807373,1.0
4100000,1.1417533,4.5728507,0.014654937,0.1063011,5.4233064e-05,0.11807764,0.0009120751,3000.0,2724.0499114990234,2724.0499114990234,1.0
4110000,1.1522543,4.5237966,0.01680721,0.108016096,5.3616935e-05,0.11787227,0.0009018267,3000.0,2696.6266417503357,2696.6266417503357,1.0
4120000,1.1291294,4.550845,0.007485648,0.09525513,5.2991843e-05,0.1176639,0.0008914295,3000.0,2750.4128812154136,2750.4128812154136,1.0
4130000,1.1334351,4.4695067,0.014059687,0.106895015,5.2375268e-05,0.11745837,0.0008811739,3000.0,2705.0322036743164,2705.0322036743164,1.0
4140000,1.1122656,4.4495063,0.009533607,0.108826235,5.1750623e-05,0.1172502,0.0008707839,3000.0,2717.348017692566,2717.348017692566,1.0
4150000,1.1050804,4.4446177,0.015742663,0.109968215,5.1130235e-05,0.11704338,0.0008604647,3000.0,2722.027407646179,2722.027407646179,1.0
4160000,1.1033646,4.458676,0.007765377,0.10818568,5.050898e-05,0.116836295,0.00085013104,3000.0,2645.875040817261,2645.875040817261,1.0
4170000,1.1342715,4.542894,0.015344579,0.12413179,4.9888582e-05,0.11662949,0.00083981187,3000.0,2704.48920917511,2704.48920917511,1.0
4180000,1.1549516,4.5502753,0.016057221,0.10240802,4.927244e-05,0.116424106,0.00082956353,3000.0,2709.0788493156433,2709.0788493156433,1.0
4190000,1.1272522,4.537922,0.007789853,0.102246724,4.8647362e-05,0.11621574,0.00081916625,3000.0,2729.6933059692383,2729.6933059692383,1.0
4200000,1.1358331,4.556437,0.012760103,0.10179138,4.8030815e-05,0.11601022,0.00080891117,3000.0,2728.805652141571,2728.805652141571,1.0
4210000,1.1459177,4.5554852,0.009959918,0.10304905,4.740614e-05,0.115802035,0.0007985207,3000.0,2727.3759072621665,2727.3759072621665,1.0
4220000,0.9901149,4.3490844,None,None,None,None,None,3000.0,2741.0181131362915,2741.0181131362915,1.0
4230000,1.0970141,4.333957,0.017509826,0.12608202,4.6785746e-05,0.115595214,0.00078820146,3000.0,2732.4917221069336,2732.4917221069336,1.0
4240000,1.1226326,4.4891114,0.008632108,0.12186652,4.6164496e-05,0.11538815,0.0007778679,3000.0,2492.3743979930878,2492.3743979930878,1.0
4250000,1.1359514,4.473886,0.016225467,0.10607367,4.5544526e-05,0.115181476,0.00076755596,3000.0,2702.8514293670655,2702.8514293670655,1.0
4260000,1.1513746,4.560575,0.015201107,0.100733966,4.4927972e-05,0.114975944,0.00075730035,3000.0,2721.0930194854736,2721.0930194854736,1.0
4270000,1.1042976,4.4621363,0.007336072,0.097690105,4.4302888e-05,0.11476759,0.00074690307,3000.0,2713.64883518219,2713.64883518219,1.0
4280000,1.1308277,4.5048265,0.015383194,0.10949153,4.368634e-05,0.11456207,0.0007366479,3000.0,2713.3983249664307,2713.3983249664307,1.0
4290000,1.1012484,4.4916945,0.009846318,0.104874305,4.3061675e-05,0.11435387,0.00072625745,3000.0,2689.3712697029114,2689.3712697029114,1.0
4300000,1.0844127,4.440849,0.013046369,0.10106682,4.2441276e-05,0.11414707,0.00071593834,3000.0,2705.301458040873,2705.301458040873,1.0
4310000,1.1078339,4.527354,0.008176978,0.10537764,4.182004e-05,0.11393999,0.0007056052,3000.0,2654.268547296524,2654.268547296524,1.0
4320000,1.118018,4.5115957,0.016238179,0.10590252,4.1200055e-05,0.1137333,0.00069529284,3000.0,2784.2023010253906,2784.2023010253906,1.0
4330000,1.1092969,4.501236,0.013057721,0.102605104,4.0583483e-05,0.11352778,0.0006850372,3000.0,2686.304356575012,2686.304356575012,1.0
4340000,1.107194,4.5019126,0.009067704,0.11154819,3.9958402e-05,0.113319434,0.0006746399,3000.0,2704.9373401641847,2704.9373401641847,1.0
4350000,1.1190795,4.429773,0.0133384,0.10025014,3.934186e-05,0.11311391,0.0006643847,3000.0,2727.0072479248047,2727.0072479248047,1.0
4360000,1.1179428,4.529869,0.010962704,0.10084634,3.8717182e-05,0.11290571,0.0006539943,3000.0,2682.2822709083557,2682.2822709083557,1.0
4370000,1.1545993,4.523495,0.014620895,0.106906086,3.8096794e-05,0.112698905,0.00064367516,3000.0,2705.171495437622,2705.171495437622,1.0
4380000,1.101567,4.45931,0.017118605,0.10521886,3.748065e-05,0.11249352,0.0006334268,3000.0,2718.312099456787,2718.312099456787,1.0
4390000,1.1306149,4.600499,0.008280635,0.103708,3.685557e-05,0.11228514,0.00062302954,3000.0,2673.1854260762534,2673.1854260762534,1.0
4400000,1.1390519,4.552304,0.013456134,0.10270058,3.6239006e-05,0.11207963,0.0006127739,3000.0,2743.971025943756,2743.971025943756,1.0
4410000,1.053829,4.3815784,0.008585757,0.110063806,3.5613928e-05,0.11187127,0.0006023767,3000.0,2746.8814430236816,2746.8814430236816,1.0
4420000,1.1080519,4.498482,0.015656466,0.11665604,3.4997374e-05,0.11166575,0.00059212145,3000.0,2739.5826959609985,2739.5826959609985,1.0
4430000,1.0061555,4.254848,0.015159392,0.12374717,3.4372704e-05,0.11145755,0.00058173115,3000.0,2648.4493083000184,2648.4493083000184,1.0
4440000,1.1236806,4.5513577,0.015366466,0.10866765,3.375232e-05,0.11125075,0.000571412,3000.0,2479.395387649536,2479.395387649536,1.0
4450000,1.129486,4.5378175,0.017083388,0.107479766,3.313617e-05,0.11104536,0.00056116347,3000.0,2668.1651866436005,2668.1651866436005,1.0
4460000,1.1440529,4.6007986,0.00720076,0.10232379,3.2511096e-05,0.110837,0.00055076636,3000.0,2744.945556640625,2744.945556640625,1.0
4470000,1.1390339,4.5585823,0.014673073,0.1032216,3.189453e-05,0.11063148,0.00054051075,3000.0,2736.723677635193,2736.723677635193,1.0
4480000,1.1442646,4.5535417,0.008786181,0.10007411,3.1269446e-05,0.110423096,0.0005301135,3000.0,2757.6833559672036,2757.6833559672036,1.0
4490000,1.0445467,4.2709427,0.015729541,0.117472984,3.065289e-05,0.11021758,0.0005198582,3000.0,2723.247462749481,2723.247462749481,1.0
4500000,1.1372982,4.491172,0.012193136,0.10743975,3.0028228e-05,0.110009395,0.0005094679,3000.0,2750.9404888153076,2750.9404888153076,1.0
4510000,1.1086204,4.5028887,0.013742848,0.103323005,2.9407829e-05,0.10980259,0.0004991488,3000.0,2566.449697494507,2566.449697494507,1.0
4520000,1.1601931,4.5801716,None,None,None,None,None,3000.0,2711.48960647583,2711.48960647583,1.0
4530000,1.1483787,4.542686,0.018129213,0.10696561,2.8791694e-05,0.1095972,0.00048890023,3000.0,2700.483787536621,2700.483787536621,1.0
4540000,1.1549374,4.497595,0.007312398,0.10171819,2.816662e-05,0.109388836,0.00047850315,3000.0,2736.881694793701,2736.881694793701,1.0
4550000,1.161807,4.546003,0.013977986,0.10277094,2.7550042e-05,0.10918332,0.00046824754,3000.0,2728.6061687469482,2728.6061687469482,1.0
4560000,1.1400807,4.508236,0.009310006,0.106789894,2.6924969e-05,0.10897494,0.00045785028,3000.0,2713.031849861145,2713.031849861145,1.0
4570000,1.080741,4.3604836,0.016792372,0.10376841,2.6305e-05,0.108768314,0.00044753824,3000.0,2719.0651206970215,2719.0651206970215,1.0
4580000,1.1489191,4.538353,0.011671903,0.123608224,2.568375e-05,0.10856123,0.00043720476,3000.0,2642.438361644745,2642.438361644745,1.0
4590000,1.1530403,4.5630865,0.027108427,0.12319419,2.506335e-05,0.10835444,0.00042688556,3000.0,2679.4493560791016,2679.4493560791016,1.0
4600000,1.1301637,4.4837503,0.015908213,0.11100162,2.4447216e-05,0.108149044,0.00041663696,3000.0,2726.4215598106384,2726.4215598106384,1.0
4610000,1.1228502,4.5350933,0.007826724,0.1015528,2.3822131e-05,0.10794068,0.00040623997,3000.0,2727.7864841461183,2727.7864841461183,1.0
4620000,1.1614555,4.5552588,0.014650677,0.10027923,2.3205586e-05,0.107735164,0.0003959845,3000.0,2701.8915367126465,2701.8915367126465,1.0
4630000,1.1503739,4.552393,0.011418153,0.09913349,2.2580914e-05,0.107526936,0.00038559423,3000.0,2732.848949432373,2732.848949432373,1.0
4640000,1.147089,4.604985,0.014477882,0.10216394,2.1960524e-05,0.10732015,0.00037527506,3000.0,2759.437952041626,2759.437952041626,1.0
4650000,1.1278863,4.523895,0.007610759,0.09661606,2.1339267e-05,0.10711304,0.00036494152,3000.0,2754.4267315864563,2754.4267315864563,1.0
4660000,1.0197803,4.120895,0.022676809,0.11701033,2.0718873e-05,0.10690626,0.00035462235,3000.0,2706.1678148905435,2706.1678148905435,1.0
4670000,1.1248074,4.479717,0.017288612,0.10344633,2.0102732e-05,0.10670089,0.0003443738,3000.0,2497.7042088508606,2497.7042088508606,1.0
4680000,1.1449238,4.528394,0.0069967816,0.10223278,1.9477653e-05,0.10649252,0.00033397676,3000.0,2712.5648136138916,2712.5648136138916,1.0
4690000,1.1361628,4.5492506,0.014244123,0.10164058,1.8861105e-05,0.106287,0.0003237214,3000.0,2716.917634010315,2716.917634010315,1.0
4700000,1.132857,4.529103,0.010650025,0.09864829,1.8236433e-05,0.106078774,0.0003133311,3000.0,2739.656359100342,2739.656359100342,1.0
4710000,1.1444173,4.5460596,0.014519978,0.10888741,1.7616041e-05,0.105872,0.00030301188,3000.0,2699.313410282135,2699.313410282135,1.0
4720000,1.1274164,4.524386,0.007306934,0.09991934,1.6994805e-05,0.10566488,0.00029267863,3000.0,2713.9602031707764,2713.9602031707764,1.0
4730000,1.127992,4.492657,0.016423922,0.10141609,1.6374821e-05,0.105458245,0.00028236627,3000.0,2720.5400733947754,2720.5400733947754,1.0
4740000,1.1370593,4.4953184,0.0148053495,0.106508486,1.5758254e-05,0.105252735,0.00027211063,3000.0,2721.8456149101257,2721.8456149101257,1.0
4750000,1.1341144,4.5074673,0.0073536253,0.09559027,1.5133176e-05,0.10504435,0.0002617135,3000.0,2677.2713775634766,2677.2713775634766,1.0
4760000,1.136,4.5718894,0.013131976,0.10173443,1.4516627e-05,0.10483885,0.00025145826,3000.0,2716.933713912964,2716.933713912964,1.0
4770000,1.1643599,4.552766,0.010990205,0.10024541,1.3891955e-05,0.1046306,0.00024106793,3000.0,2706.6414613723755,2706.6414613723755,1.0
4780000,1.1472011,4.524468,0.016261345,0.10587652,1.327156e-05,0.10442381,0.00023074864,3000.0,2734.0035762786865,2734.0035762786865,1.0
4790000,1.1092712,4.5096064,0.007448281,0.09706173,1.2650325e-05,0.104216725,0.00022041543,3000.0,2734.809934234619,2734.809934234619,1.0
4800000,1.1384711,4.509567,0.019426499,0.11218257,1.2030343e-05,0.1040101,0.0002101031,3000.0,2706.4303131103516,2706.4303131103516,1.0
4810000,1.091387,4.443622,0.014869055,0.10758696,1.1413771e-05,0.10380457,0.00019984745,3000.0,2720.333695411682,2720.333695411682,1.0
4820000,1.1544973,4.5337358,None,None,None,None,None,3000.0,2685.247941017151,2685.247941017151,1.0
4830000,1.1324282,4.472614,0.008479836,0.099604726,1.0788693e-05,0.10359621,0.00018945032,3000.0,2671.9336080551147,2671.9336080551147,1.0
4840000,1.146347,4.527341,0.013630307,0.10209682,1.0172143e-05,0.103390686,0.00017919505,3000.0,2726.8796412150064,2726.8796412150064,1.0
4850000,1.1430695,4.556146,0.009636477,0.10070488,9.547474e-06,0.10318244,0.00016880469,3000.0,2691.4956579208374,2691.4956579208374,1.0
4860000,1.1487579,4.5509257,0.013594281,0.10045776,8.927078e-06,0.102975644,0.00015848548,3000.0,2762.3163442611694,2762.3163442611694,1.0
4870000,1.146075,4.53706,0.016000148,0.10165111,8.31094e-06,0.1027703,0.000148237,3000.0,2731.8992948532104,2731.8992948532104,1.0
4880000,1.1180334,4.448613,0.007600634,0.10500312,7.685861e-06,0.10256194,0.00013783982,3000.0,2717.8442821502686,2717.8442821502686,1.0
4890000,1.1218772,4.493459,0.014436807,0.105781175,7.0692913e-06,0.102356404,0.00012758424,3000.0,2716.255018234253,2716.255018234253,1.0
4900000,1.0873591,4.359296,0.007940727,0.10122706,6.4442133e-06,0.10214805,0.00011718712,3000.0,2689.0570998191833,2689.0570998191833,1.0
4910000,1.0310664,4.2543917,0.015108673,0.11044801,5.8276637e-06,0.101942524,0.00010693179,3000.0,2687.212921142578,2687.212921142578,1.0
4920000,1.1403584,4.554313,0.011767625,0.10663856,5.2029945e-06,0.10173429,9.654149e-05,3000.0,2500.0931527614594,2500.0931527614594,1.0
4930000,1.1384281,4.5922446,0.013134881,0.09806722,4.582599e-06,0.10152749,8.6222266e-05,3000.0,2722.398634592692,2722.398634592692,1.0
4940000,1.0376163,4.2973175,0.017854473,0.10810325,3.96646e-06,0.101322144,7.59738e-05,3000.0,2751.8612055778503,2751.8612055778503,1.0
4950000,1.1496849,4.5637064,0.008900787,0.10810886,3.3413805e-06,0.10111377,6.557664e-05,3000.0,2763.3035736083984,2763.3035736083984,1.0
4960000,1.1108823,4.4640484,0.014205745,0.10077701,2.724813e-06,0.10090825,5.532107e-05,3000.0,2602.615010023117,2602.615010023117,1.0
4970000,1.1298248,4.5130835,0.0078242,0.094682485,2.0997327e-06,0.10069989,4.4923898e-05,3000.0,2702.2714462280273,2702.2714462280273,1.0
4980000,1.1363741,4.5427585,0.014651935,0.100309566,1.4831822e-06,0.10049438,3.4668603e-05,3000.0,2723.9066162109375,2723.9066162109375,1.0
4990000,1.1405672,4.568262,0.010960878,0.0991741,8.5851394e-07,0.100286126,2.427829e-05,3000.0,2725.086771965027,2725.086771965027,1.0
5000000,1.0779911,4.351453,0.014085029,0.09736459,2.3811914e-07,0.100079335,1.3959055e-05,3000.0,2705.3764905929565,2705.3764905929565,1.0
